"{AE4D86D3-FFFF-4619-E053-6C04A8C03CD0}","220000","2020-07-24 00:00","CO15 5SG","D","N","F","36","","NORFOLK AVENUE","HOLLAND-ON-SEA","CLACTON-ON-SEA","TENDRING","ESSEX","A","A"
"{AE4D86D4-0000-4619-E053-6C04A8C03CD0}","370000","2020-06-03 00:00","CM18 7HA","S","N","F","4","","RUNDELLS","","HARLOW","HARLOW","ESSEX","A","A"
"{AE4D86D4-0001-4619-E053-6C04A8C03CD0}","385000","2020-06-26 00:00","CM16 4AH","F","N","L","REVIVAL COURT","5","HALF MOON LANE","","EPPING","EPPING FOREST","ESSEX","A","A"
"{AE4D86D4-0002-4619-E053-6C04A8C03CD0}","175000","2020-07-17 00:00","CM6 1AE","F","N","L","2 TWYFORD COURT","FLAT 3","HIGH STREET","","DUNMOW","UTTLESFORD","ESSEX","A","A"
"{AE4D86D4-0003-4619-E053-6C04A8C03CD0}","475000","2020-07-10 00:00","SS11 7DE","D","N","F","113A","","SWAN LANE","","WICKFORD","BASILDON","ESSEX","A","A"
"{AE4D86D4-0004-4619-E053-6C04A8C03CD0}","195750","2020-06-05 00:00","SS9 2LU","F","N","L","GRANTHAM LODGE","2","HADLEIGH ROAD","","LEIGH-ON-SEA","SOUTHEND-ON-SEA","SOUTHEND-ON-SEA","A","A"
"{AE4D86D4-0005-4619-E053-6C04A8C03CD0}","610000","2020-06-17 00:00","CB10 2NU","D","N","F","THE WILLOWS","","ANSO CORNER","HEMPSTEAD","SAFFRON WALDEN","UTTLESFORD","ESSEX","A","A"
"{AE4D86D4-0006-4619-E053-6C04A8C03CD0}","200000","2020-08-03 00:00","SS0 7NB","F","N","L","23","FLAT 2","PRESTON ROAD","","WESTCLIFF-ON-SEA","SOUTHEND-ON-SEA","SOUTHEND-ON-SEA","A","A"
"{AE4D86D4-0007-4619-E053-6C04A8C03CD0}","500000","2020-07-15 00:00","E17 4RH","T","N","F","58","","TOWER HAMLETS ROAD","","LONDON","WALTHAM FOREST","GREATER LONDON","A","A"
"{AE4D86D4-0008-4619-E053-6C04A8C03CD0}","290000","2020-06-19 00:00","SS3 0EZ","S","N","F","37","","TWYFORD AVENUE","GREAT WAKERING","SOUTHEND-ON-SEA","ROCHFORD","ESSEX","A","A"
"{AE4D86D4-0009-4619-E053-6C04A8C03CD0}","280000","2020-07-31 00:00","CO4 3AT","S","N","F","7","","WESLEY AVENUE","","COLCHESTER","COLCHESTER","ESSEX","A","A"
"{AE4D86D4-000A-4619-E053-6C04A8C03CD0}","299500","2020-04-23 00:00","SS11 8PT","S","N","F","10","","LUCERNE WALK","","WICKFORD","BASILDON","ESSEX","A","A"
"{AE4D86D4-000B-4619-E053-6C04A8C03CD0}","605000","2020-08-24 00:00","SS9 2NL","S","N","F","87","","MARINE PARADE","","LEIGH-ON-SEA","SOUTHEND-ON-SEA","SOUTHEND-ON-SEA","A","A"
"{AE4D86D4-000D-4619-E053-6C04A8C03CD0}","305000","2020-06-29 00:00","SS14 2GP","T","N","F","5","","DUNLIN DRIVE","","BASILDON","BASILDON","ESSEX","A","A"
"{AE4D86D4-000E-4619-E053-6C04A8C03CD0}","252000","2020-06-30 00:00","CO13 0DN","D","N","F","15","","VISTA AVENUE","KIRBY LE SOKEN","FRINTON-ON-SEA","TENDRING","ESSEX","A","A"
"{AE4D86D4-000F-4619-E053-6C04A8C03CD0}","430000","2020-06-26 00:00","RM6 4AS","S","N","F","1","","FAUNA CLOSE","","ROMFORD","REDBRIDGE","GREATER LONDON","A","A"
"{AE4D86D4-0010-4619-E053-6C04A8C03CD0}","370000","2020-07-31 00:00","SS17 8HJ","S","N","F","11","","HALL CLOSE","","STANFORD-LE-HOPE","THURROCK","THURROCK","A","A"
"{AE4D86D4-0011-4619-E053-6C04A8C03CD0}","200000","2020-07-15 00:00","CO12 3EA","T","N","F","33","","CHURCH STREET","","HARWICH","TENDRING","ESSEX","A","A"
"{AE4D86D4-0012-4619-E053-6C04A8C03CD0}","445000","2020-06-30 00:00","SS4 1FN","D","N","F","10","","CHARLES CRESCENT","","ROCHFORD","ROCHFORD","ESSEX","A","A"
"{AE4D86D4-0013-4619-E053-6C04A8C03CD0}","373000","2020-06-23 00:00","CM3 3PH","D","N","F","ORCHARD COTTAGE","","BLASFORD HILL","LITTLE WALTHAM","CHELMSFORD","CHELMSFORD","ESSEX","A","A"
"{AE4D86D4-0014-4619-E053-6C04A8C03CD0}","605000","2020-07-24 00:00","IG9 5TN","T","N","F","34","","STARLING CLOSE","","BUCKHURST HILL","EPPING FOREST","ESSEX","A","A"
"{AE4D86D4-0015-4619-E053-6C04A8C03CD0}","940000","2020-06-26 00:00","CM2 9AW","D","N","F","THE WICKETS","","LINKS DRIVE","","CHELMSFORD","CHELMSFORD","ESSEX","A","A"
"{AE4D86D4-0016-4619-E053-6C04A8C03CD0}","202000","2020-06-08 00:00","CM1 7QH","F","N","L","2","","TEES ROAD","","CHELMSFORD","CHELMSFORD","ESSEX","A","A"
"{AE4D86D4-0017-4619-E053-6C04A8C03CD0}","142000","2020-06-25 00:00","CM0 7HS","T","N","F","NEST","","MALDON ROAD","BRADWELL-ON-SEA","SOUTHMINSTER","MALDON","ESSEX","A","A"
"{AE4D86D4-0018-4619-E053-6C04A8C03CD0}","196000","2020-07-14 00:00","CM0 8AJ","F","N","L","THE CROWS NEST","FLAT 4","BELVEDERE ROAD","","BURNHAM-ON-CROUCH","MALDON","ESSEX","A","A"
"{AE4D86D4-0019-4619-E053-6C04A8C03CD0}","465000","2020-07-06 00:00","CM11 2EP","D","N","F","7","","SOUTH RIDGE","","BILLERICAY","BASILDON","ESSEX","A","A"
"{AE4D86D4-001B-4619-E053-6C04A8C03CD0}","155000","2020-06-26 00:00","CM7 2TS","F","N","L","209","","NOTTAGE CRESCENT","","BRAINTREE","BRAINTREE","ESSEX","A","A"
"{AE4D86D4-001C-4619-E053-6C04A8C03CD0}","222500","2020-06-26 00:00","CO2 9HN","D","N","F","2A","","CATHERINE HUNT WAY","","COLCHESTER","COLCHESTER","ESSEX","A","A"
"{AE4D86D4-001D-4619-E053-6C04A8C03CD0}","104000","2020-06-12 00:00","CO15 2EW","D","N","F","22","","GLEBE WAY","JAYWICK","CLACTON-ON-SEA","TENDRING","ESSEX","A","A"
"{AE4D86D4-001E-4619-E053-6C04A8C03CD0}","217000","2020-05-29 00:00","SS0 8DF","F","N","L","27","","METEOR ROAD","","WESTCLIFF-ON-SEA","SOUTHEND-ON-SEA","SOUTHEND-ON-SEA","A","A"
"{AE4D86D4-001F-4619-E053-6C04A8C03CD0}","600000","2020-07-06 00:00","CM16 6QN","D","N","F","PEACOCKS FARM","","EPPING LONG GREEN","EPPING GREEN","EPPING","EPPING FOREST","ESSEX","A","A"
"{AE4D86D4-0020-4619-E053-6C04A8C03CD0}","127000","2020-06-18 00:00","CO4 3EH","F","N","L","22","","ST ANDREWS GARDENS","","COLCHESTER","COLCHESTER","ESSEX","A","A"
"{AE4D86D4-0022-4619-E053-6C04A8C03CD0}","675000","2020-05-28 00:00","CM12 0JL","D","N","F","1A","","PLEASANT DRIVE","","BILLERICAY","BASILDON","ESSEX","A","A"
"{AE4D86D4-0023-4619-E053-6C04A8C03CD0}","525000","2020-06-25 00:00","CM4 0AH","T","N","F","18","","THE FURLONGS","","INGATESTONE","BRENTWOOD","ESSEX","A","A"
"{AE4D86D4-021B-4619-E053-6C04A8C03CD0}","110000","2020-07-06 00:00","BL1 4RR","T","N","L","5","","SILVERDALE ROAD","","BOLTON","BOLTON","GREATER MANCHESTER","A","A"
"{AE4D86D4-021C-4619-E053-6C04A8C03CD0}","390000","2020-07-17 00:00","WN5 8QZ","S","N","F","276","","ORRELL ROAD","ORRELL","WIGAN","WIGAN","GREATER MANCHESTER","A","A"
"{AE4D86D4-021D-4619-E053-6C04A8C03CD0}","115000","2020-07-13 00:00","BL3 2ED","S","N","L","97","","WALKER AVENUE","","BOLTON","BOLTON","GREATER MANCHESTER","A","A"
"{AE4D86D4-021E-4619-E053-6C04A8C03CD0}","512500","2020-07-03 00:00","SK14 5LW","D","N","F","202","","HIGHAM LANE","","HYDE","TAMESIDE","GREATER MANCHESTER","A","A"
"{AE4D86D4-021F-4619-E053-6C04A8C03CD0}","72000","2020-06-05 00:00","BL1 4LS","T","N","L","45","","THIRD AVENUE","","BOLTON","BOLTON","GREATER MANCHESTER","A","A"
"{AE4D86D4-0220-4619-E053-6C04A8C03CD0}","208000","2020-07-20 00:00","BL1 8SH","S","N","F","18","","NORBURY GROVE","","BOLTON","BOLTON","GREATER MANCHESTER","A","A"
"{AE4D86D4-0221-4619-E053-6C04A8C03CD0}","129950","2020-07-03 00:00","OL2 6LR","T","N","L","21","","CLARENCE STREET","ROYTON","OLDHAM","OLDHAM","GREATER MANCHESTER","A","A"
"{AE4D86D4-0222-4619-E053-6C04A8C03CD0}","130000","2020-07-06 00:00","SK14 4HH","T","N","F","80","","TALBOT ROAD","","HYDE","TAMESIDE","GREATER MANCHESTER","A","A"
"{AE4D86D4-0223-4619-E053-6C04A8C03CD0}","185000","2020-06-29 00:00","BL4 7SX","D","N","L","3","","GLYNWOOD PARK","FARNWORTH","BOLTON","BOLTON","GREATER MANCHESTER","A","A"
"{AE4D86D4-0224-4619-E053-6C04A8C03CD0}","141000","2020-07-10 00:00","BL6 5RN","T","N","L","37","","MALLARD DRIVE","HORWICH","BOLTON","BOLTON","GREATER MANCHESTER","A","A"
"{AE4D86D4-0225-4619-E053-6C04A8C03CD0}","135000","2020-07-01 00:00","WN6 7PR","S","N","L","34","","LYNTON AVENUE","","WIGAN","WIGAN","GREATER MANCHESTER","A","A"
"{AE4D86D4-0226-4619-E053-6C04A8C03CD0}","180000","2020-08-07 00:00","M20 6AQ","F","N","L","5","FLAT 2","SUSSEX AVENUE","","MANCHESTER","MANCHESTER","GREATER MANCHESTER","A","A"
"{AE4D86D4-0227-4619-E053-6C04A8C03CD0}","185000","2020-06-26 00:00","M29 7PX","S","N","L","115","","STOUR ROAD","ASTLEY","MANCHESTER","WIGAN","GREATER MANCHESTER","A","A"
"{AE4D86D4-0228-4619-E053-6C04A8C03CD0}","158000","2020-07-10 00:00","M27 9TP","S","N","L","40","","BRIERLEY ROAD WEST","SWINTON","MANCHESTER","SALFORD","GREATER MANCHESTER","A","A"
"{AE4D86D4-0229-4619-E053-6C04A8C03CD0}","125000","2020-07-01 00:00","M19 3LT","T","N","F","15","","ROSENEATH AVENUE","","MANCHESTER","MANCHESTER","GREATER MANCHESTER","A","A"
"{AE4D86D4-022A-4619-E053-6C04A8C03CD0}","108000","2020-06-26 00:00","M26 3GQ","T","N","L","378","","BOLTON ROAD","RADCLIFFE","MANCHESTER","BURY","GREATER MANCHESTER","A","A"
"{AE4D86D4-022B-4619-E053-6C04A8C03CD0}","175000","2020-07-09 00:00","OL15 0RD","S","N","L","10","","SOUTHEY CLOSE","","LITTLEBOROUGH","ROCHDALE","GREATER MANCHESTER","A","A"
"{AE4D86D4-022C-4619-E053-6C04A8C03CD0}","447500","2020-07-03 00:00","M41 0QD","S","N","F","11","","BRADDON AVENUE","URMSTON","MANCHESTER","TRAFFORD","GREATER MANCHESTER","A","A"
"{AE4D86D4-022D-4619-E053-6C04A8C03CD0}","160000","2020-06-12 00:00","WN6 0PJ","T","N","L","6","","BROOKFIELD ROAD","STANDISH","WIGAN","WIGAN","GREATER MANCHESTER","A","A"
"{AE4D86D4-022E-4619-E053-6C04A8C03CD0}","330000","2020-06-12 00:00","WA14 4UQ","S","N","L","10","","WAVENEY DRIVE","","ALTRINCHAM","TRAFFORD","GREATER MANCHESTER","A","A"
"{AE4D86D4-022F-4619-E053-6C04A8C03CD0}","308000","2020-07-20 00:00","WA14 1LP","S","N","F","65","","BRUNSWICK ROAD","","ALTRINCHAM","TRAFFORD","GREATER MANCHESTER","A","A"
"{AE4D86D4-0230-4619-E053-6C04A8C03CD0}","67500","2020-06-04 00:00","BL1 3NL","T","N","L","13","","CLYDE STREET","","BOLTON","BOLTON","GREATER MANCHESTER","B","A"
"{AE4D86D4-0231-4619-E053-6C04A8C03CD0}","270000","2020-07-24 00:00","WN7 3UF","S","N","F","23","","HAYMAN AVENUE","","LEIGH","WIGAN","GREATER MANCHESTER","A","A"
"{AE4D86D4-0232-4619-E053-6C04A8C03CD0}","147500","2020-07-10 00:00","SK3 0JF","T","N","F","25","","SANDOWN ROAD","CHEADLE HEATH","STOCKPORT","STOCKPORT","GREATER MANCHESTER","A","A"
"{AE4D86D4-0233-4619-E053-6C04A8C03CD0}","315500","2020-07-03 00:00","SK8 5RX","D","N","F","4","","BOWMONT CLOSE","CHEADLE HULME","CHEADLE","STOCKPORT","GREATER MANCHESTER","A","A"
"{AE4D86D4-0234-4619-E053-6C04A8C03CD0}","293000","2020-06-25 00:00","M33 5HF","T","N","F","5","","BRAYTON AVENUE","","SALE","TRAFFORD","GREATER MANCHESTER","A","A"
"{AE4D86D4-0235-4619-E053-6C04A8C03CD0}","167500","2020-03-13 00:00","M34 6LE","S","N","L","56","","TOWN LANE","DENTON","MANCHESTER","TAMESIDE","GREATER MANCHESTER","A","A"
"{AE4D86D4-0236-4619-E053-6C04A8C03CD0}","175000","2020-07-10 00:00","M25 1LG","T","N","L","16","","HAMPDEN ROAD","PRESTWICH","MANCHESTER","BURY","GREATER MANCHESTER","A","A"
"{AE4D86D4-0237-4619-E053-6C04A8C03CD0}","180000","2020-05-19 00:00","M27 9GQ","S","N","L","28","","ARUNDEL STREET","WARDLEY","MANCHESTER","SALFORD","GREATER MANCHESTER","A","A"
"{AE4D86D4-0238-4619-E053-6C04A8C03CD0}","205000","2020-06-26 00:00","M7 2DG","T","N","F","9","","HILL STREET","","SALFORD","SALFORD","GREATER MANCHESTER","A","A"
"{AE4D86D4-0239-4619-E053-6C04A8C03CD0}","180000","2020-07-14 00:00","M19 1WG","D","N","F","431","","KINGSWAY","","MANCHESTER","MANCHESTER","GREATER MANCHESTER","A","A"
"{AE4D86D4-023A-4619-E053-6C04A8C03CD0}","172000","2020-07-24 00:00","SK8 2JR","S","N","F","1","","PRIORY ROAD","","CHEADLE","STOCKPORT","GREATER MANCHESTER","A","A"
"{AE4D86D4-023B-4619-E053-6C04A8C03CD0}","415000","2020-07-14 00:00","WA14 5AP","S","N","F","48","","FRIESTON ROAD","TIMPERLEY","ALTRINCHAM","TRAFFORD","GREATER MANCHESTER","A","A"
"{AE4D86D4-023C-4619-E053-6C04A8C03CD0}","90000","2020-07-27 00:00","M34 5SH","T","N","L","37","","KERSHAW GROVE","AUDENSHAW","MANCHESTER","TAMESIDE","GREATER MANCHESTER","A","A"
"{AE4D86D4-0436-4619-E053-6C04A8C03CD0}","130000","2020-06-29 00:00","SK14 3LN","T","N","F","16","","HELSTON CLOSE","","HYDE","TAMESIDE","GREATER MANCHESTER","A","A"
"{AE4D86D4-0437-4619-E053-6C04A8C03CD0}","166000","2020-06-30 00:00","SK14 2QA","T","N","F","31","","SIDLEY PLACE","","HYDE","TAMESIDE","GREATER MANCHESTER","A","A"
"{AE4D86D4-0438-4619-E053-6C04A8C03CD0}","300500","2020-07-02 00:00","M26 4LF","S","N","L","65","","BURY & BOLTON ROAD","RADCLIFFE","MANCHESTER","BURY","GREATER MANCHESTER","A","A"
"{AE4D86D4-0439-4619-E053-6C04A8C03CD0}","170000","2020-07-06 00:00","M23 0PD","F","N","L","THE MOUNT","FLAT 1","WYTHENSHAWE ROAD","","MANCHESTER","MANCHESTER","GREATER MANCHESTER","A","A"
"{AE4D86D4-043A-4619-E053-6C04A8C03CD0}","172000","2020-07-31 00:00","SK16 5SB","T","N","F","5","","EATON CLOSE","","DUKINFIELD","TAMESIDE","GREATER MANCHESTER","A","A"
"{AE4D86D4-043B-4619-E053-6C04A8C03CD0}","280000","2020-07-17 00:00","M23 0FN","D","N","F","16","","KERSCOTT ROAD","","MANCHESTER","MANCHESTER","GREATER MANCHESTER","A","A"
"{AE4D86D4-043C-4619-E053-6C04A8C03CD0}","169950","2020-06-04 00:00","M46 0GP","S","N","L","7","","OLD MANOR PARK","ATHERTON","MANCHESTER","WIGAN","GREATER MANCHESTER","A","A"
"{AE4D86D4-043D-4619-E053-6C04A8C03CD0}","130000","2020-06-24 00:00","WA15 6UB","F","N","L","MAYFAIR COURT, 290","APARTMENT 35","PARK ROAD","TIMPERLEY","ALTRINCHAM","TRAFFORD","GREATER MANCHESTER","A","A"
"{AE4D86D4-043E-4619-E053-6C04A8C03CD0}","240000","2020-06-25 00:00","WN7 3DA","D","N","F","36","","CALOW DRIVE","","LEIGH","WIGAN","GREATER MANCHESTER","A","A"
"{AE4D86D4-043F-4619-E053-6C04A8C03CD0}","108000","2020-07-15 00:00","BL3 3TG","S","N","L","29","","BROXTON AVENUE","","BOLTON","BOLTON","GREATER MANCHESTER","A","A"
"{AE4D86D4-0440-4619-E053-6C04A8C03CD0}","195000","2020-06-26 00:00","WN6 0TS","T","N","F","25","","GREEN LANE","STANDISH","WIGAN","WIGAN","GREATER MANCHESTER","A","A"
"{AE4D86D4-0441-4619-E053-6C04A8C03CD0}","123000","2020-07-01 00:00","M20 2BX","F","N","L","BARFIELD HOUSE, 3","FLAT 7","SPATH ROAD","DIDSBURY","MANCHESTER","MANCHESTER","GREATER MANCHESTER","A","A"
"{AE4D86D4-0442-4619-E053-6C04A8C03CD0}","69310","2020-07-13 00:00","BL3 5QA","S","N","L","13","","CALLIS ROAD","","BOLTON","BOLTON","GREATER MANCHESTER","A","A"
"{AE4D86D4-0443-4619-E053-6C04A8C03CD0}","197500","2020-07-10 00:00","OL4 2JU","S","N","L","14","","ADSWOOD CLOSE","","OLDHAM","OLDHAM","GREATER MANCHESTER","A","A"
"{AE4D86D4-0444-4619-E053-6C04A8C03CD0}","169950","2020-07-10 00:00","OL3 5DS","S","N","F","12A","","GRAINS ROAD","DELPH","OLDHAM","OLDHAM","GREATER MANCHESTER","A","A"
"{AE4D86D4-0445-4619-E053-6C04A8C03CD0}","250000","2020-06-26 00:00","SK7 6JZ","S","N","F","19","","EDALE CLOSE","HAZEL GROVE","STOCKPORT","STOCKPORT","GREATER MANCHESTER","A","A"
"{AE4D86D4-0446-4619-E053-6C04A8C03CD0}","276501","2020-07-08 00:00","SK8 5PN","D","N","F","255","","COUNCILLOR LANE","CHEADLE HULME","CHEADLE","STOCKPORT","GREATER MANCHESTER","A","A"
"{AE4D86D4-0447-4619-E053-6C04A8C03CD0}","121500","2020-07-13 00:00","OL12 0BN","S","N","F","19","","NEWLANDS AVENUE","","ROCHDALE","ROCHDALE","GREATER MANCHESTER","A","A"
"{AE4D86D4-0448-4619-E053-6C04A8C03CD0}","160000","2020-06-19 00:00","M23 1EU","T","N","F","5","","GREENBROW ROAD","","MANCHESTER","MANCHESTER","GREATER MANCHESTER","A","A"
"{AE4D86D4-0449-4619-E053-6C04A8C03CD0}","195000","2020-07-24 00:00","SK3 9JT","T","N","F","123","","CHATHAM STREET","","STOCKPORT","STOCKPORT","GREATER MANCHESTER","A","A"
"{AE4D86D4-044A-4619-E053-6C04A8C03CD0}","315000","2020-06-15 00:00","SK7 1NL","S","N","L","103","","MEADWAY","BRAMHALL","STOCKPORT","STOCKPORT","GREATER MANCHESTER","A","A"
"{AE4D86D4-044B-4619-E053-6C04A8C03CD0}","296000","2020-06-30 00:00","SK7 5PX","S","N","F","11","","DUNSTER CLOSE","HAZEL GROVE","STOCKPORT","STOCKPORT","GREATER MANCHESTER","A","A"
"{AE4D86D4-044C-4619-E053-6C04A8C03CD0}","320000","2020-07-22 00:00","SK7 2LY","D","N","F","84","","DAIRYGROUND ROAD","BRAMHALL","STOCKPORT","STOCKPORT","GREATER MANCHESTER","A","A"
"{AE4D86D4-044D-4619-E053-6C04A8C03CD0}","444000","2020-06-30 00:00","SK4 2EE","D","N","F","4","","BRIAR HOLLOW","","STOCKPORT","STOCKPORT","GREATER MANCHESTER","A","A"
"{AE4D86D4-044E-4619-E053-6C04A8C03CD0}","220000","2020-07-10 00:00","SK6 1DP","S","N","L","5","","RUSKIN GROVE","BREDBURY","STOCKPORT","STOCKPORT","GREATER MANCHESTER","A","A"
"{AE4D86D4-0450-4619-E053-6C04A8C03CD0}","525000","2020-06-26 00:00","BL7 9TF","D","N","L","28","","HIGHER DUNSCAR","EGERTON","BOLTON","BOLTON","GREATER MANCHESTER","A","A"
"{AE4D86D4-0451-4619-E053-6C04A8C03CD0}","270000","2020-06-22 00:00","BL0 0EG","T","N","L","386","","WHALLEY ROAD","RAMSBOTTOM","BURY","BURY","GREATER MANCHESTER","A","A"
"{AE4D86D4-0453-4619-E053-6C04A8C03CD0}","120000","2020-07-10 00:00","WN6 8QH","S","N","L","41","","BAKEWELL DRIVE","","WIGAN","WIGAN","GREATER MANCHESTER","B","A"
"{AE4D86D4-0454-4619-E053-6C04A8C03CD0}","130000","2020-07-31 00:00","M34 2AQ","T","N","F","90","","MARKET STREET","DENTON","MANCHESTER","TAMESIDE","GREATER MANCHESTER","A","A"
"{AE4D86D4-0455-4619-E053-6C04A8C03CD0}","193000","2020-06-26 00:00","OL3 6BE","F","N","L","3","","OUTRAM MEWS","UPPERMILL","OLDHAM","OLDHAM","GREATER MANCHESTER","A","A"
"{AE4D86D4-0456-4619-E053-6C04A8C03CD0}","155000","2020-07-20 00:00","OL15 8EN","S","N","L","1","","SHORE MOUNT","","LITTLEBOROUGH","ROCHDALE","GREATER MANCHESTER","A","A"
"{AE4D86D4-0457-4619-E053-6C04A8C03CD0}","150000","2020-06-09 00:00","M30 7DL","T","N","F","14","","HARRISON STREET","ECCLES","MANCHESTER","SALFORD","GREATER MANCHESTER","A","A"
"{AE4D86D4-0458-4619-E053-6C04A8C03CD0}","495000","2020-06-25 00:00","SK7 2NL","D","N","L","60","","VALLEY ROAD","BRAMHALL","STOCKPORT","STOCKPORT","GREATER MANCHESTER","A","A"
"{AE4D86D4-064E-4619-E053-6C04A8C03CD0}","360000","2020-07-28 00:00","BS16 1PL","T","N","L","15","","THE PARK","FRENCHAY","BRISTOL","SOUTH GLOUCESTERSHIRE","SOUTH GLOUCESTERSHIRE","A","A"
"{AE4D86D4-064F-4619-E053-6C04A8C03CD0}","758500","2020-07-16 00:00","GL6 7BU","D","N","F","YEW TREE COTTAGE","","","BISLEY","STROUD","STROUD","GLOUCESTERSHIRE","A","A"
"{AE4D86D4-0651-4619-E053-6C04A8C03CD0}","850000","2020-07-17 00:00","GL6 6XW","D","N","F","BRAMLEY HOUSE","","LOWER WASHWELL LANE","PAINSWICK","STROUD","STROUD","GLOUCESTERSHIRE","A","A"
"{AE4D86D4-0652-4619-E053-6C04A8C03CD0}","255000","2020-07-06 00:00","GL16 7LZ","S","N","F","1","","ELLWOOD FARM COTTAGES","ELLWOOD","COLEFORD","FOREST OF DEAN","GLOUCESTERSHIRE","A","A"
"{AE4D86D4-0653-4619-E053-6C04A8C03CD0}","360000","2020-07-03 00:00","GL52 2RA","D","N","F","39","","PITTVILLE CRESCENT LANE","","CHELTENHAM","CHELTENHAM","GLOUCESTERSHIRE","A","A"
"{AE4D86D4-0654-4619-E053-6C04A8C03CD0}","170000","2020-07-09 00:00","GL4 0TP","S","N","F","27","","DUNSTER CLOSE","TUFFLEY","GLOUCESTER","GLOUCESTER","GLOUCESTERSHIRE","A","A"
"{AE4D86D4-0655-4619-E053-6C04A8C03CD0}","195000","2020-07-28 00:00","GL51 0AA","T","N","F","ARLE END COTTAGES","4","VILLAGE ROAD","","CHELTENHAM","CHELTENHAM","GLOUCESTERSHIRE","A","A"
"{AE4D86D4-0658-4619-E053-6C04A8C03CD0}","330000","2020-06-30 00:00","GL7 2LJ","F","N","L","THESSALY LODGE, 62","FLAT 2","GLOUCESTER ROAD","STRATTON","CIRENCESTER","COTSWOLD","GLOUCESTERSHIRE","A","A"
"{AE4D86D4-0659-4619-E053-6C04A8C03CD0}","370000","2020-06-29 00:00","GL53 7BD","T","N","F","35","","NAUNTON CRESCENT","","CHELTENHAM","CHELTENHAM","GLOUCESTERSHIRE","A","A"
"{AE4D86D4-065A-4619-E053-6C04A8C03CD0}","304000","2020-07-28 00:00","GL8 8EG","D","N","F","1","","BATH ROAD","","TETBURY","COTSWOLD","GLOUCESTERSHIRE","A","A"
"{AE4D86D4-065B-4619-E053-6C04A8C03CD0}","245000","2020-03-27 00:00","GL52 6DJ","T","N","F","12","","SIDNEY STREET","","CHELTENHAM","CHELTENHAM","GLOUCESTERSHIRE","A","A"
"{AE4D86D4-065C-4619-E053-6C04A8C03CD0}","960000","2020-07-10 00:00","GL56 0QE","S","N","F","OLD FARM COTTAGE","","HIGH STREET","LONGBOROUGH","MORETON-IN-MARSH","COTSWOLD","GLOUCESTERSHIRE","A","A"
"{AE4D86D4-065D-4619-E053-6C04A8C03CD0}","540000","2020-06-05 00:00","GL12 7BA","D","N","F","25","","MERLIN HAVEN","","WOTTON-UNDER-EDGE","STROUD","GLOUCESTERSHIRE","A","A"
"{AE4D86D4-065E-4619-E053-6C04A8C03CD0}","189950","2020-06-12 00:00","GL14 3BX","S","N","F","55","","MOUNT PLEASANT ROAD","","CINDERFORD","FOREST OF DEAN","GLOUCESTERSHIRE","A","A"
"{AE4D86D4-065F-4619-E053-6C04A8C03CD0}","535000","2020-07-10 00:00","BS36 1BD","D","N","F","8","","PROSPECT CLOSE","WINTERBOURNE DOWN","BRISTOL","SOUTH GLOUCESTERSHIRE","SOUTH GLOUCESTERSHIRE","A","A"
"{AE4D86D4-0660-4619-E053-6C04A8C03CD0}","159995","2020-06-12 00:00","GL14 2NS","T","N","F","87","","WOODSIDE STREET","","CINDERFORD","FOREST OF DEAN","GLOUCESTERSHIRE","A","A"
"{AE4D86D4-0661-4619-E053-6C04A8C03CD0}","490000","2020-06-03 00:00","GL19 3EZ","D","N","F","BROOK COTTAGE","","HINDERS LANE","HUNTLEY","GLOUCESTER","FOREST OF DEAN","GLOUCESTERSHIRE","A","A"
"{AE4D86D4-0662-4619-E053-6C04A8C03CD0}","397000","2020-07-17 00:00","GL51 6HZ","S","N","F","KNOCKBARRON","","COLD POOL LANE","UP HATHERLEY","CHELTENHAM","CHELTENHAM","GLOUCESTERSHIRE","A","A"
"{AE4D86D4-0663-4619-E053-6C04A8C03CD0}","274000","2020-07-03 00:00","BS34 8GG","T","N","F","349","","BAKERS GROUND","STOKE GIFFORD","BRISTOL","SOUTH GLOUCESTERSHIRE","SOUTH GLOUCESTERSHIRE","A","A"
"{AE4D86D4-0664-4619-E053-6C04A8C03CD0}","395000","2020-06-19 00:00","GL12 8TN","S","N","F","138","","MANOR LANE","CHARFIELD","WOTTON-UNDER-EDGE","SOUTH GLOUCESTERSHIRE","SOUTH GLOUCESTERSHIRE","A","A"
"{AE4D86D4-0665-4619-E053-6C04A8C03CD0}","690000","2020-06-26 00:00","GL54 1AH","D","N","F","KEROLEE","","LOWER PARK STREET","STOW ON THE WOLD","CHELTENHAM","COTSWOLD","GLOUCESTERSHIRE","A","A"
"{AE4D86D4-0666-4619-E053-6C04A8C03CD0}","227000","2020-07-08 00:00","GL52 8NX","S","N","F","16","","ST MICHAELS AVENUE","BISHOPS CLEEVE","CHELTENHAM","TEWKESBURY","GLOUCESTERSHIRE","A","A"
"{AE4D86D4-0667-4619-E053-6C04A8C03CD0}","250000","2020-07-24 00:00","GL52 8DP","S","N","F","21","","WOODMANS WAY","BISHOPS CLEEVE","CHELTENHAM","TEWKESBURY","GLOUCESTERSHIRE","A","A"
"{AE4D86D4-0668-4619-E053-6C04A8C03CD0}","460000","2020-07-31 00:00","GL52 6BA","T","N","F","63","","BRIGHTON ROAD","","CHELTENHAM","CHELTENHAM","GLOUCESTERSHIRE","A","A"
"{AE4D86D4-0669-4619-E053-6C04A8C03CD0}","310000","2020-07-22 00:00","GL1 5LH","D","N","F","13","","ST BARNABAS CLOSE","","GLOUCESTER","GLOUCESTER","GLOUCESTERSHIRE","A","A"
"{AE4D86D4-066A-4619-E053-6C04A8C03CD0}","862500","2020-07-20 00:00","BS32 4DU","D","N","F","BADGWORTH COTTAGE, 26","","THE SCOP","ALMONDSBURY","BRISTOL","SOUTH GLOUCESTERSHIRE","SOUTH GLOUCESTERSHIRE","A","A"
"{AE4D86D4-066B-4619-E053-6C04A8C03CD0}","140000","2020-07-17 00:00","GL1 1UG","F","N","L","12","FLAT 5","BRUNSWICK SQUARE","","GLOUCESTER","GLOUCESTER","GLOUCESTERSHIRE","A","A"
"{AE4D86D4-066C-4619-E053-6C04A8C03CD0}","435000","2020-07-17 00:00","BS16 9JQ","S","N","F","4","","MANGOTSFIELD ROAD","MANGOTSFIELD","BRISTOL","SOUTH GLOUCESTERSHIRE","SOUTH GLOUCESTERSHIRE","A","A"
"{AE4D86D4-066D-4619-E053-6C04A8C03CD0}","283000","2020-06-26 00:00","BS32 8TP","T","N","F","50","","TARRAGON PLACE","BRADLEY STOKE","BRISTOL","SOUTH GLOUCESTERSHIRE","SOUTH GLOUCESTERSHIRE","A","A"
"{AE4D86D4-066E-4619-E053-6C04A8C03CD0}","380000","2020-07-28 00:00","GL11 6PR","S","N","F","FORGE COTTAGE","","TAITS HILL ROAD","STINCHCOMBE","DURSLEY","STROUD","GLOUCESTERSHIRE","A","A"
"{AE4D86D4-066F-4619-E053-6C04A8C03CD0}","255000","2020-06-11 00:00","GL11 6HW","S","N","F","6","","QUARRY GARDENS","","DURSLEY","STROUD","GLOUCESTERSHIRE","A","A"
"{AE4D86D4-0670-4619-E053-6C04A8C03CD0}","259950","2020-06-12 00:00","GL11 6HJ","S","N","F","12","","MEADOWVALE","","DURSLEY","STROUD","GLOUCESTERSHIRE","A","A"
"{AE4D86D4-08AC-4619-E053-6C04A8C03CD0}","310000","2020-03-31 00:00","GL51 8NR","S","Y","F","156","","GLOUCESTER ROAD","","CHELTENHAM","CHELTENHAM","GLOUCESTERSHIRE","A","A"
"{AE4D86D4-08AD-4619-E053-6C04A8C03CD0}","305000","2020-03-06 00:00","BS16 1QF","S","Y","F","3","","RICHARD STEPHENS ROAD","","BRISTOL","SOUTH GLOUCESTERSHIRE","SOUTH GLOUCESTERSHIRE","A","A"
"{AE4D86D4-08AE-4619-E053-6C04A8C03CD0}","390000","2020-03-27 00:00","GL10 3FH","D","Y","F","37","","CHARLES ALMOND CLOSE","GREAT OLDBURY","STONEHOUSE","STROUD","GLOUCESTERSHIRE","A","A"
"{AE4D86D4-08AF-4619-E053-6C04A8C03CD0}","565000","2020-02-14 00:00","GL56 0FN","D","Y","F","8","","VANGUARD WAY","","MORETON-IN-MARSH","COTSWOLD","GLOUCESTERSHIRE","A","A"
"{AE4D86D4-08B0-4619-E053-6C04A8C03CD0}","405000","2020-02-28 00:00","BS16 1UY","D","Y","F","20","","HENRY CORBETT ROAD","","BRISTOL","SOUTH GLOUCESTERSHIRE","SOUTH GLOUCESTERSHIRE","A","A"
"{AE4D86D4-08B1-4619-E053-6C04A8C03CD0}","410000","2020-03-27 00:00","BS16 1UY","D","Y","F","24","","HENRY CORBETT ROAD","","BRISTOL","SOUTH GLOUCESTERSHIRE","SOUTH GLOUCESTERSHIRE","A","A"
"{AE4D86D4-08B2-4619-E053-6C04A8C03CD0}","289995","2020-03-20 00:00","GL56 0FN","S","Y","F","16","","VANGUARD WAY","","MORETON-IN-MARSH","COTSWOLD","GLOUCESTERSHIRE","A","A"
"{AE4D86D4-08B3-4619-E053-6C04A8C03CD0}","339995","2020-03-25 00:00","GL10 3FQ","D","Y","F","28","","GREAT OLDBURY DRIVE","GREAT OLDBURY","STONEHOUSE","STROUD","GLOUCESTERSHIRE","A","A"
"{AE4D86D4-08B4-4619-E053-6C04A8C03CD0}","324950","2020-01-24 00:00","BS16 1YG","F","Y","L","STOKE GIFFORD RETIREMENT VILLAGE","FLAT 430","EDWARD PARKER ROAD","STOKE GIFFORD","BRISTOL","SOUTH GLOUCESTERSHIRE","SOUTH GLOUCESTERSHIRE","A","A"
"{AE4D86D4-08B5-4619-E053-6C04A8C03CD0}","695000","2020-03-17 00:00","GL54 5ED","D","Y","F","2","","BRAMLEY CLOSE","TODDINGTON","CHELTENHAM","TEWKESBURY","GLOUCESTERSHIRE","A","A"
"{AE4D86D4-08B6-4619-E053-6C04A8C03CD0}","320000","2020-03-11 00:00","BS16 7NN","S","Y","F","1","","YARROW CLOSE","EMERSONS GREEN","BRISTOL","SOUTH GLOUCESTERSHIRE","SOUTH GLOUCESTERSHIRE","A","A"
"{AE4D86D4-08B7-4619-E053-6C04A8C03CD0}","465000","2020-03-27 00:00","GL12 8FA","D","Y","F","7","","ISAAC CLOSE","WICKWAR","WOTTON-UNDER-EDGE","SOUTH GLOUCESTERSHIRE","SOUTH GLOUCESTERSHIRE","A","A"
"{AE4D86D4-08B9-4619-E053-6C04A8C03CD0}","262500","2020-03-26 00:00","GL10 3FH","S","Y","F","26","","CHARLES ALMOND CLOSE","GREAT OLDBURY","STONEHOUSE","STROUD","GLOUCESTERSHIRE","A","A"
"{AE4D86D4-08BA-4619-E053-6C04A8C03CD0}","550000","2020-03-20 00:00","BS30 6AA","D","Y","F","32","","SOMMERVILLE WAY","BITTON","BRISTOL","SOUTH GLOUCESTERSHIRE","SOUTH GLOUCESTERSHIRE","A","A"
"{AE4D86D4-08BB-4619-E053-6C04A8C03CD0}","229995","2020-04-17 00:00","GL1 5QZ","T","Y","F","35","","MANU MARBLE WAY","","GLOUCESTER","GLOUCESTER","GLOUCESTERSHIRE","A","A"
"{AE4D86D4-08BC-4619-E053-6C04A8C03CD0}","310000","2020-04-06 00:00","GL51 8NR","S","Y","F","158","","GLOUCESTER ROAD","","CHELTENHAM","CHELTENHAM","GLOUCESTERSHIRE","A","A"
"{AE4D86D4-08BD-4619-E053-6C04A8C03CD0}","254950","2020-03-25 00:00","GL2 5GQ","F","Y","L","LLANTHONY PLACE","FLAT 21","ST ANN WAY","","GLOUCESTER","GLOUCESTER","GLOUCESTERSHIRE","A","A"
"{AE4D86D4-08BE-4619-E053-6C04A8C03CD0}","490000","2020-03-20 00:00","BS15 3FU","D","Y","F","26","","PREACHERS WALK","HANHAM","BRISTOL","SOUTH GLOUCESTERSHIRE","SOUTH GLOUCESTERSHIRE","A","A"
"{AE4D86D4-08BF-4619-E053-6C04A8C03CD0}","407500","2020-03-17 00:00","BS15 3FW","D","Y","F","6","","FAITHFIELDS CLOSE","HANHAM","BRISTOL","SOUTH GLOUCESTERSHIRE","SOUTH GLOUCESTERSHIRE","A","A"
"{AE4D86D4-08C0-4619-E053-6C04A8C03CD0}","316000","2020-04-24 00:00","GL1 5QW","D","Y","F","2","","MILLSTONE WAY","","GLOUCESTER","GLOUCESTER","GLOUCESTERSHIRE","A","A"
"{AE4D86D4-08C1-4619-E053-6C04A8C03CD0}","294995","2020-04-03 00:00","GL12 8FD","D","Y","F","53","","SUMMER VIEW","WICKWAR","WOTTON-UNDER-EDGE","SOUTH GLOUCESTERSHIRE","SOUTH GLOUCESTERSHIRE","A","A"
"{AE4D86D4-08C2-4619-E053-6C04A8C03CD0}","305000","2020-04-23 00:00","GL1 5RA","S","Y","F","10","","DREADNAUGHT DRIVE","","GLOUCESTER","GLOUCESTER","GLOUCESTERSHIRE","A","A"
"{AE4D86D4-08C3-4619-E053-6C04A8C03CD0}","660000","2020-03-13 00:00","BS30 6AA","D","Y","F","43","","SOMMERVILLE WAY","BITTON","BRISTOL","SOUTH GLOUCESTERSHIRE","SOUTH GLOUCESTERSHIRE","A","A"
"{AE4D86D4-08C4-4619-E053-6C04A8C03CD0}","875000","2020-07-08 00:00","GL53 0DH","S","N","F","136","","LECKHAMPTON ROAD","","CHELTENHAM","CHELTENHAM","GLOUCESTERSHIRE","A","A"
"{AE4D86D4-08C5-4619-E053-6C04A8C03CD0}","304000","2020-03-13 00:00","GL10 3FL","S","Y","F","31","","GILBERT YOUNG CLOSE","GREAT OLDBURY","STONEHOUSE","STROUD","GLOUCESTERSHIRE","A","A"
"{AE4D86D4-08C8-4619-E053-6C04A8C03CD0}","269995","2020-03-27 00:00","BS16 2FZ","F","Y","L","14","","MUSTOE ROAD","FRENCHAY","BRISTOL","SOUTH GLOUCESTERSHIRE","SOUTH GLOUCESTERSHIRE","A","A"
"{AE4D86D4-08C9-4619-E053-6C04A8C03CD0}","415000","2020-03-26 00:00","GL2 4DS","D","Y","F","17","","BRAMBLING WAY","HARDWICKE","GLOUCESTER","STROUD","GLOUCESTERSHIRE","A","A"
"{AE4D86D4-08CA-4619-E053-6C04A8C03CD0}","263000","2020-05-01 00:00","GL2 2HJ","D","Y","F","40","","WENDLING ROAD KINGSWAY","QUEDGELEY","GLOUCESTER","GLOUCESTER","GLOUCESTERSHIRE","A","A"
"{AE4D86D4-08CB-4619-E053-6C04A8C03CD0}","273250","2020-04-09 00:00","GL10 3FH","S","Y","F","29","","CHARLES ALMOND CLOSE","GREAT OLDBURY","STONEHOUSE","STROUD","GLOUCESTERSHIRE","A","A"
"{AE4D86D4-08CC-4619-E053-6C04A8C03CD0}","320000","2020-04-02 00:00","GL51 8NR","S","Y","F","154","","GLOUCESTER ROAD","","CHELTENHAM","CHELTENHAM","GLOUCESTERSHIRE","A","A"
"{AE4D86D4-08CD-4619-E053-6C04A8C03CD0}","352500","2020-04-30 00:00","GL12 8FA","D","Y","F","11","","ISAAC CLOSE","WICKWAR","WOTTON-UNDER-EDGE","SOUTH GLOUCESTERSHIRE","SOUTH GLOUCESTERSHIRE","A","A"
"{AE4D86D4-0AC7-4619-E053-6C04A8C03CD0}","286000","2020-07-29 00:00","SG2 9SL","T","N","F","18","","BADDELEY CLOSE","","STEVENAGE","STEVENAGE","HERTFORDSHIRE","A","A"
"{AE4D86D4-0AC8-4619-E053-6C04A8C03CD0}","170000","2020-06-30 00:00","SG6 4XR","F","N","L","18","","ROSEMONT CLOSE","","LETCHWORTH GARDEN CITY","NORTH HERTFORDSHIRE","HERTFORDSHIRE","A","A"
"{AE4D86D4-0AC9-4619-E053-6C04A8C03CD0}","630000","2020-07-31 00:00","SG14 3ED","D","N","F","16","","WOODHALL CLOSE","","HERTFORD","EAST HERTFORDSHIRE","HERTFORDSHIRE","A","A"
"{AE4D86D4-0ACA-4619-E053-6C04A8C03CD0}","344000","2020-04-08 00:00","HP2 5HU","T","N","F","26","","GARLAND CLOSE","","HEMEL HEMPSTEAD","DACORUM","HERTFORDSHIRE","A","A"
"{AE4D86D4-0ACB-4619-E053-6C04A8C03CD0}","367500","2020-06-29 00:00","AL7 1DW","S","N","F","25","","ROSEDALE","","WELWYN GARDEN CITY","WELWYN HATFIELD","HERTFORDSHIRE","A","A"
"{AE4D86D4-0ACC-4619-E053-6C04A8C03CD0}","227500","2020-07-03 00:00","AL5 4XT","F","N","L","BALFOUR COURT","FLAT 60","STATION ROAD","","HARPENDEN","ST ALBANS","HERTFORDSHIRE","A","A"
"{AE4D86D4-0ACD-4619-E053-6C04A8C03CD0}","190000","2020-07-15 00:00","SG12 7LT","F","N","L","HARTFIELD COURT","36","COLLETT ROAD","","WARE","EAST HERTFORDSHIRE","HERTFORDSHIRE","A","A"
"{AE4D86D4-0ACE-4619-E053-6C04A8C03CD0}","373000","2020-06-26 00:00","AL2 1DY","T","N","F","9","","ARMSTRONG CLOSE","LONDON COLNEY","ST ALBANS","ST ALBANS","HERTFORDSHIRE","A","A"
"{AE4D86D4-0ACF-4619-E053-6C04A8C03CD0}","203000","2020-07-24 00:00","AL7 3SY","F","N","L","16","","BY THE MOUNT","","WELWYN GARDEN CITY","WELWYN HATFIELD","HERTFORDSHIRE","A","A"
"{AE4D86D4-0AD0-4619-E053-6C04A8C03CD0}","800000","2020-07-04 00:00","WD3 3EX","T","N","F","34","","DICKINSON AVENUE","CROXLEY GREEN","RICKMANSWORTH","THREE RIVERS","HERTFORDSHIRE","A","A"
"{AE4D86D4-0AD1-4619-E053-6C04A8C03CD0}","415000","2020-07-07 00:00","WD25 0HQ","T","N","F","45","","FERN WAY","","WATFORD","WATFORD","HERTFORDSHIRE","A","A"
"{AE4D86D4-0AD2-4619-E053-6C04A8C03CD0}","466500","2020-07-28 00:00","EN6 5PJ","S","N","F","62","","HIGHVIEW GARDENS","","POTTERS BAR","HERTSMERE","HERTFORDSHIRE","A","A"
"{AE4D86D4-0AD3-4619-E053-6C04A8C03CD0}","422500","2020-08-04 00:00","CM23 3HD","T","N","F","24","","PAMELA GARDENS","","BISHOP'S STORTFORD","EAST HERTFORDSHIRE","HERTFORDSHIRE","A","A"
"{AE4D86D4-0AD4-4619-E053-6C04A8C03CD0}","267000","2020-07-10 00:00","SG3 6LX","T","N","F","32","","CARVERS CROFT","WOOLMER GREEN","KNEBWORTH","WELWYN HATFIELD","HERTFORDSHIRE","A","A"
"{AE4D86D4-0AD5-4619-E053-6C04A8C03CD0}","615000","2020-06-15 00:00","AL4 8EJ","D","N","F","8","","NOMANSLAND","WHEATHAMPSTEAD","ST ALBANS","ST ALBANS","HERTFORDSHIRE","A","A"
"{AE4D86D4-0AD6-4619-E053-6C04A8C03CD0}","480000","2020-06-26 00:00","AL2 1DY","S","N","F","6","","ARMSTRONG CLOSE","LONDON COLNEY","ST ALBANS","ST ALBANS","HERTFORDSHIRE","A","A"
"{AE4D86D4-0AD7-4619-E053-6C04A8C03CD0}","1050000","2020-06-19 00:00","SG12 0JZ","D","N","F","ROWNEY PRIORY","SOUTH LODGE","","DANE END","WARE","EAST HERTFORDSHIRE","HERTFORDSHIRE","A","A"
"{AE4D86D4-0AD8-4619-E053-6C04A8C03CD0}","337500","2020-06-17 00:00","SG2 8EP","T","N","F","133","","BROADWATER CRESCENT","","STEVENAGE","STEVENAGE","HERTFORDSHIRE","A","A"
"{AE4D86D4-0AD9-4619-E053-6C04A8C03CD0}","550000","2020-07-17 00:00","HP23 5DE","S","N","F","14","","DRUMMOND RIDE","","TRING","DACORUM","HERTFORDSHIRE","A","A"
"{AE4D86D4-0ADA-4619-E053-6C04A8C03CD0}","321500","2020-07-28 00:00","SG1 3LS","T","N","F","50","","SISH LANE","","STEVENAGE","STEVENAGE","HERTFORDSHIRE","A","A"
"{AE4D86D4-0ADB-4619-E053-6C04A8C03CD0}","320000","2020-07-03 00:00","AL3 7LW","T","N","L","69A","","HIGH STREET","REDBOURN","ST ALBANS","ST ALBANS","HERTFORDSHIRE","A","A"
"{AE4D86D4-0ADC-4619-E053-6C04A8C03CD0}","390000","2020-07-03 00:00","WD5 0SW","T","N","F","41","","MAGNOLIA AVENUE","","ABBOTS LANGLEY","THREE RIVERS","HERTFORDSHIRE","A","A"
"{AE4D86D4-0ADD-4619-E053-6C04A8C03CD0}","215000","2020-07-23 00:00","WD25 7LY","F","N","L","29","","FOXLANDS CLOSE","LEAVESDEN","WATFORD","WATFORD","HERTFORDSHIRE","A","A"
"{AE4D86D4-0ADE-4619-E053-6C04A8C03CD0}","730000","2020-07-15 00:00","SG13 7UR","D","N","F","30","","MAGNOLIA CLOSE","","HERTFORD","EAST HERTFORDSHIRE","HERTFORDSHIRE","A","A"
"{AE4D86D4-0ADF-4619-E053-6C04A8C03CD0}","865000","2020-07-30 00:00","WD4 9HD","S","N","F","20","","LANGLEY HILL","","KINGS LANGLEY","DACORUM","HERTFORDSHIRE","A","A"
"{AE4D86D4-0AE0-4619-E053-6C04A8C03CD0}","320000","2020-07-15 00:00","SG7 5BE","S","N","F","55","","NORTON CRESCENT","","BALDOCK","NORTH HERTFORDSHIRE","HERTFORDSHIRE","A","A"
"{AE4D86D4-0AE1-4619-E053-6C04A8C03CD0}","473000","2020-07-24 00:00","SG14 3EE","S","N","F","4","","PEEL CRESCENT","","HERTFORD","EAST HERTFORDSHIRE","HERTFORDSHIRE","A","A"
"{AE4D86D4-0AE2-4619-E053-6C04A8C03CD0}","790000","2020-07-03 00:00","AL1 4XT","S","N","F","2","","FARM ROAD","","ST ALBANS","ST ALBANS","HERTFORDSHIRE","A","A"
"{AE4D86D4-0AE3-4619-E053-6C04A8C03CD0}","390000","2020-07-24 00:00","WD5 0TL","T","N","F","17","","ABBEY DRIVE","","ABBOTS LANGLEY","THREE RIVERS","HERTFORDSHIRE","A","A"
"{AE4D86D4-0AE4-4619-E053-6C04A8C03CD0}","385000","2020-07-03 00:00","HP3 9QE","S","N","F","13","","ATHELSTAN ROAD","","HEMEL HEMPSTEAD","DACORUM","HERTFORDSHIRE","A","A"
"{AE4D86D4-0AE5-4619-E053-6C04A8C03CD0}","375000","2020-06-19 00:00","WD23 1AY","F","N","L","12","","LARKEN CLOSE","","BUSHEY","HERTSMERE","HERTFORDSHIRE","A","A"
"{AC07BBCF-E34C-0445-E053-6C04A8C01E31}","150000","2020-06-12 00:00","WA7 5BU","D","N","F","12","","ECCLESTON DRIVE","","RUNCORN","HALTON","HALTON","A","A"
"{AC07BBCF-E34D-0445-E053-6C04A8C01E31}","375000","2020-03-27 00:00","SK9 4ET","D","N","F","26","","STANNEYLANDS DRIVE","","WILMSLOW","CHESHIRE EAST","CHESHIRE EAST","A","A"
"{AC07BBCF-E34E-0445-E053-6C04A8C01E31}","140000","2020-03-04 00:00","CW9 8BP","T","N","F","7","","ADLINGTON DRIVE","","NORTHWICH","CHESHIRE WEST AND CHESTER","CHESHIRE WEST AND CHESTER","A","A"
"{AC07BBCF-E34F-0445-E053-6C04A8C01E31}","95000","2020-04-30 00:00","WA8 8UT","S","N","F","410","","HALE ROAD","","WIDNES","HALTON","HALTON","A","A"
"{AC07BBCF-E350-0445-E053-6C04A8C01E31}","170000","2020-04-30 00:00","WA5 3LZ","S","N","F","2","","CLARENCE AVENUE","GREAT SANKEY","WARRINGTON","WARRINGTON","WA
